Workbook

Sheet Dashboard
A1: Precious Metals Transaction Analytics — Dashboard
A3: Total Amount (Rs) | C3: Total Transactions | E3: Avg Transaction (Rs) | G3: GST Impact
A4: ='Transaction Summary'!D6 -> 1650000 | C4: ='Transaction Summary'!D5 -> 176 | E4: ='Transaction Summary'!D12 -> 9375 | G4: ='Transaction Summary'!D11 -> 0.029999953
A7: Chart Support Data
A8: Asset | B8: Amount (Rs)
A9: Gold | B9: ='Transaction Summary'!B6 -> 764000
A10: Silver | B10: ='Transaction Summary'!C6 -> 886000
A12: Quarter | B12: Gold (Rs) | C12: Silver (Rs)
A13: 2024 Q1 | B13: 78000 | C13: 89000
A14: 2024 Q2 | B14: 43500 | C14: 40500
A15: 2024 Q3 | B15: 103500 | C15: 105000
A16: 2024 Q4 | B16: 75500 | C16: 101500
A17: 2025 Q1 | B17: 34000 | C17: 59000
A18: 2025 Q2 | B18: 100000 | C18: 138000
A19: 2025 Q3 | B19: 78000 | C19: 101000
A20: 2025 Q4 | B20: 81000 | C20: 81500
A21: 2026 Q1 | B21: 118000 | C21: 71000
A22: 2026 Q2 | B22: 52500 | C22: 31000
A23: 2026 Q3 | B23: 0 | C23: 68500

Sheet Transactions
A1: Precious Metals Transaction Analytics — Purchase Transaction Log
A2: Dataset: Synthetically generated, modeled on realistic gold & silver purchase patterns — built to practice data consolidation, analysis, and reporting workflows.
A3: 176 transactions — Jan 2024 to Jul 2026, Gold + Silver.
A5: # | B5: Date | C5: Asset | D5: Provider | E5: Total Amount Paid (Rs) | F5: Metal Value (Rs) | G5: GST Paid (Rs) | H5: Quantity (g) | I5: Buy Price (Rs/g) | J5: Price Bucket
A6: 1 | B6: 45310 | C6: Gold | D6: SafeGold | E6: 12000 | F6: 11650.49 | G6: 349.51 | H6: 2.106 | I6: 5532.14 | J6: =IF(C6="Gold", FLOOR(I6,1000)&"-"&(FLOOR(I6,1000)+1000), FLOOR(I6,20)&"-"&(FLOOR(I6,20)+20)) -> 5000-6000
A7: 2 | B7: 45314 | C7: Silver | D7: MMTC-PAMP | E7: 7500 | F7: 7281.55 | G7: 218.45 | H7: 110.3934 | I7: 65.96 | J7: =IF(C7="Gold", FLOOR(I7,1000)&"-"&(FLOOR(I7,1000)+1000), FLOOR(I7,20)&"-"&(FLOOR(I7,20)+20)) -> 60-80
A8: 3 | B8: 45316 | C8: Silver | D8: SafeGold | E8: 5000 | F8: 4854.37 | G8: 145.63 | H8: 71.8315 | I8: 67.58 | J8: =IF(C8="Gold", FLOOR(I8,1000)&"-"&(FLOOR(I8,1000)+1000), FLOOR(I8,20)&"-"&(FLOOR(I8,20)+20)) -> 60-80
A9: 4 | B9: 45320 | C9: Silver | D9: MMTC-PAMP | E9: 2000 | F9: 1941.75 | G9: 58.25 | H9: 28.7496 | I9: 67.54 | J9: =IF(C9="Gold", FLOOR(I9,1000)&"-"&(FLOOR(I9,1000)+1000), FLOOR(I9,20)&"-"&(FLOOR(I9,20)+20)) -> 60-80
A10: 5 | B10: 45324 | C10: Silver | D10: MMTC-PAMP | E10: 6000 | F10: 5825.24 | G10: 174.76 | H10: 86.1467 | I10: 67.62 | J10: =IF(C10="Gold", FLOOR(I10,1000)&"-"&(FLOOR(I10,1000)+1000), FLOOR(I10,20)&"-"&(FLOOR(I10,20)+20)) -> 60-80
A11: 6 | B11: 45330 | C11: Silver | D11: SafeGold | E11: 12000 | F11: 11650.49 | G11: 349.51 | H11: 171.7095 | I11: 67.85 | J11: =IF(C11="Gold", FLOOR(I11,1000)&"-"&(FLOOR(I11,1000)+1000), FLOOR(I11,20)&"-"&(FLOOR(I11,20)+20)) -> 60-80
A12: 7 | B12: 45340 | C12: Silver | D12: MMTC-PAMP | E12: 3000 | F12: 2912.62 | G12: 87.38 | H12: 41.4549 | I12: 70.26 | J12: =IF(C12="Gold", FLOOR(I12,1000)&"-"&(FLOOR(I12,1000)+1000), FLOOR(I12,20)&"-"&(FLOOR(I12,20)+20)) -> 60-80
A13: 8 | B13: 45351 | C13: Silver | D13: CaratLane | E13: 20000 | F13: 19417.48 | G13: 582.52 | H13: 278.7865 | I13: 69.65 | J13: =IF(C13="Gold", FLOOR(I13,1000)&"-"&(FLOOR(I13,1000)+1000), FLOOR(I13,20)&"-"&(FLOOR(I13,20)+20)) -> 60-80
A14: 9 | B14: 45352 | C14: Gold | D14: CaratLane | E14: 18000 | F14: 17475.73 | G14: 524.27 | H14: 3.0238 | I14: 5779.44 | J14: =IF(C14="Gold", FLOOR(I14,1000)&"-"&(FLOOR(I14,1000)+1000), FLOOR(I14,20)&"-"&(FLOOR(I14,20)+20)) -> 5000-6000
A15: 10 | B15: 45354 | C15: Gold | D15: MMTC-PAMP | E15: 3000 | F15: 2912.62 | G15: 87.38 | H15: 0.5082 | I15: 5731.44 | J15: =IF(C15="Gold", FLOOR(I15,1000)&"-"&(FLOOR(I15,1000)+1000), FLOOR(I15,20)&"-"&(FLOOR(I15,20)+20)) -> 5000-6000
A16: 11 | B16: 45356 | C16: Silver | D16: MMTC-PAMP | E16: 2000 | F16: 1941.75 | G16: 58.25 | H16: 28.2354 | I16: 68.77 | J16: =IF(C16="Gold", FLOOR(I16,1000)&"-"&(FLOOR(I16,1000)+1000), FLOOR(I16,20)&"-"&(FLOOR(I16,20)+20)) -> 60-80
A17: 12 | B17: 45359 | C17: Gold | D17: SafeGold | E17: 35000 | F17: 33980.58 | G17: 1019.42 | H17: 6.0335 | I17: 5632.03 | J17: =IF(C17="Gold", FLOOR(I17,1000)&"-"&(FLOOR(I17,1000)+1000), FLOOR(I17,20)&"-"&(FLOOR(I17,20)+20)) -> 5000-6000
... A181: 176 | B181: 46234 | C181: Silver | D181: CaratLane | E181: 2500 | F181: 2427.18 | G181: 72.82 | H181: 23.0086 | I181: 105.49 | J181: =IF(C181="Gold", FLOOR(I181,1000)&"-"&(FLOOR(I181,1000)+1000), FLOOR(I181,20)&"-"&(FLOOR(I181,20)+20)) -> 100-120

Sheet Transaction Summary
A1: Transaction Summary
A2: All figures computed via formulas referencing the Transactions sheet.
A4: Metric | B4: Gold | C4: Silver | D4: Combined
A5: Total Transactions | B5: =COUNTIF(Transactions!$C$6:$C$181,"Gold") -> 84 | C5: =COUNTIF(Transactions!$C$6:$C$181,"Silver") -> 92 | D5: =COUNTA(Transactions!$C$6:$C$181) -> 176
A6: Total Amount Paid (Rs) | B6: =SUMIF(Transactions!$C$6:$C$181,"Gold",Transactions!$E$6:$E$181) -> 764000 | C6: =SUMIF(Transactions!$C$6:$C$181,"Silver",Transactions!$E$6:$E$181) -> 886000 | D6: =B6+C6 -> 1650000
A7: Total Metal Value (Rs) | B7: =SUMIF(Transactions!$C$6:$C$181,"Gold",Transactions!$F$6:$F$181) -> 741747.59 | C7: =SUMIF(Transactions!$C$6:$C$181,"Silver",Transactions!$F$6:$F$181) -> 860194.23 | D7: =B7+C7 -> 1601941.8
A8: Total GST Paid (Rs) | B8: =SUMIF(Transactions!$C$6:$C$181,"Gold",Transactions!$G$6:$G$181) -> 22252.41 | C8: =SUMIF(Transactions!$C$6:$C$181,"Silver",Transactions!$G$6:$G$181) -> 25805.77 | D8: =B8+C8 -> 48058.18
A9: Total Quantity (g) | B9: =SUMIF(Transactions!$C$6:$C$181,"Gold",Transactions!$H$6:$H$181) -> 103.0947 | C9: =SUMIF(Transactions!$C$6:$C$181,"Silver",Transactions!$H$6:$H$181) -> 10013.682 | D9: =B9+C9 -> 10116.777
A10: Average Buy Price (Rs/g) | B10: =AVERAGEIF(Transactions!$C$6:$C$181,"Gold",Transactions!$I$6:$I$181) -> 7228.1345 | C10: =AVERAGEIF(Transactions!$C$6:$C$181,"Silver",Transactions!$I$6:$I$181) -> 86.858043 | D10: =(B10*B5+C10*C5)/D5 -> 3495.1945
A11: GST as % of Spend | B11: =B8/B7 -> 0.029999976 | C11: =C8/C7 -> 0.029999934 | D11: =D8/D7 -> 0.029999953
A12: Average Transaction Size (Rs) | B12: =B6/B5 -> 9095.2381 | C12: =C6/C5 -> 9630.4348 | D12: =D6/D5 -> 9375

Sheet Price Bucket Analysis
A1: Price Bucket Analysis
A2: Transactions grouped by buy-price range (Gold: Rs 1,000 buckets · Silver: Rs 20 buckets).
A4: Gold — Price Buckets
A5: Price Bucket (Rs/g) | B5: # Transactions | C5: Total Qty (g) | D5: Total Amount (Rs) | E5: % of Total
A6: 5,000-6,000 | B6: =COUNTIFS(Transactions!$C$6:$C$181,"Gold",Transactions!$J$6:$J$181,"5,000-6,000") -> 0 | C6: =SUMIFS(Transactions!$H$6:$H$181,Transactions!$C$6:$C$181,"Gold",Transactions!$J$6:$J$181,"5,000-6,000") -> 0 | D6: =SUMIFS(Transactions!$E$6:$E$181,Transactions!$C$6:$C$181,"Gold",Transactions!$J$6:$J$181,"5,000-6,000") -> 0 | E6: =D6/'Transaction Summary'!$B$6 -> 0
A7: 6,000-7,000 | B7: =COUNTIFS(Transactions!$C$6:$C$181,"Gold",Transactions!$J$6:$J$181,"6,000-7,000") -> 0 | C7: =SUMIFS(Transactions!$H$6:$H$181,Transactions!$C$6:$C$181,"Gold",Transactions!$J$6:$J$181,"6,000-7,000") -> 0 | D7: =SUMIFS(Transactions!$E$6:$E$181,Transactions!$C$6:$C$181,"Gold",Transactions!$J$6:$J$181,"6,000-7,000") -> 0 | E7: =D7/'Transaction Summary'!$B$6 -> 0
A8: 7,000-8,000 | B8: =COUNTIFS(Transactions!$C$6:$C$181,"Gold",Transactions!$J$6:$J$181,"7,000-8,000") -> 0 | C8: =SUMIFS(Transactions!$H$6:$H$181,Transactions!$C$6:$C$181,"Gold",Transactions!$J$6:$J$181,"7,000-8,000") -> 0 | D8: =SUMIFS(Transactions!$E$6:$E$181,Transactions!$C$6:$C$181,"Gold",Transactions!$J$6:$J$181,"7,000-8,000") -> 0 | E8: =D8/'Transaction Summary'!$B$6 -> 0
A9: 8,000-9,000 | B9: =COUNTIFS(Transactions!$C$6:$C$181,"Gold",Transactions!$J$6:$J$181,"8,000-9,000") -> 0 | C9: =SUMIFS(Transactions!$H$6:$H$181,Transactions!$C$6:$C$181,"Gold",Transactions!$J$6:$J$181,"8,000-9,000") -> 0 | D9: =SUMIFS(Transactions!$E$6:$E$181,Transactions!$C$6:$C$181,"Gold",Transactions!$J$6:$J$181,"8,000-9,000") -> 0 | E9: =D9/'Transaction Summary'!$B$6 -> 0
A12: Silver — Price Buckets
A13: Price Bucket (Rs/g) | B13: # Transactions | C13: Total Qty (g) | D13: Total Amount (Rs) | E13: % of Total
A14: 60-80 | B14: =COUNTIFS(Transactions!$C$6:$C$181,"Silver",Transactions!$J$6:$J$181,"60-80") -> 35 | C14: =SUMIFS(Transactions!$H$6:$H$181,Transactions!$C$6:$C$181,"Silver",Transactions!$J$6:$J$181,"60-80") -> 4216.2345 | D14: =SUMIFS(Transactions!$E$6:$E$181,Transactions!$C$6:$C$181,"Silver",Transactions!$J$6:$J$181,"60-80") -> 319000 | E14: =D14/'Transaction Summary'!$C$6 -> 0.36004515
A15: 80-100 | B15: =COUNTIFS(Transactions!$C$6:$C$181,"Silver",Transactions!$J$6:$J$181,"80-100") -> 37 | C15: =SUMIFS(Transactions!$H$6:$H$181,Transactions!$C$6:$C$181,"Silver",Transactions!$J$6:$J$181,"80-100") -> 3729.4878 | D15: =SUMIFS(Transactions!$E$6:$E$181,Transactions!$C$6:$C$181,"Silver",Transactions!$J$6:$J$181,"80-100") -> 344000 | E15: =D15/'Transaction Summary'!$C$6 -> 0.38826185
A16: 100-120 | B16: =COUNTIFS(Transactions!$C$6:$C$181,"Silver",Transactions!$J$6:$J$181,"100-120") -> 20 | C16: =SUMIFS(Transactions!$H$6:$H$181,Transactions!$C$6:$C$181,"Silver",Transactions!$J$6:$J$181,"100-120") -> 2067.9601 | D16: =SUMIFS(Transactions!$E$6:$E$181,Transactions!$C$6:$C$181,"Silver",Transactions!$J$6:$J$181,"100-120") -> 223000 | E16: =D16/'Transaction Summary'!$C$6 -> 0.251693

Sheet Chronological Timeline
A1: Chronological Transaction Timeline
A2: All 176 transactions in date order, both metals combined, with running cumulative total.
A4: # | B4: Date | C4: Asset | D4: Buy Price (Rs/g) | E4: Quantity (g) | F4: Amount (Rs) | G4: Cumulative Amount (Rs)
A5: 1 | B5: 45310 | C5: Gold | D5: 5532.14 | E5: 2.106 | F5: 12000 | G5: =F5 -> 12000
A6: 2 | B6: 45314 | C6: Silver | D6: 65.96 | E6: 110.3934 | F6: 7500 | G6: =G5+F6 -> 19500
A7: 3 | B7: 45316 | C7: Silver | D7: 67.58 | E7: 71.8315 | F7: 5000 | G7: =G6+F7 -> 24500
A8: 4 | B8: 45320 | C8: Silver | D8: 67.54 | E8: 28.7496 | F8: 2000 | G8: =G7+F8 -> 26500
A9: 5 | B9: 45324 | C9: Silver | D9: 67.62 | E9: 86.1467 | F9: 6000 | G9: =G8+F9 -> 32500
A10: 6 | B10: 45330 | C10: Silver | D10: 67.85 | E10: 171.7095 | F10: 12000 | G10: =G9+F10 -> 44500
A11: 7 | B11: 45340 | C11: Silver | D11: 70.26 | E11: 41.4549 | F11: 3000 | G11: =G10+F11 -> 47500
A12: 8 | B12: 45351 | C12: Silver | D12: 69.65 | E12: 278.7865 | F12: 20000 | G12: =G11+F12 -> 67500
A13: 9 | B13: 45352 | C13: Gold | D13: 5779.44 | E13: 3.0238 | F13: 18000 | G13: =G12+F13 -> 85500
A14: 10 | B14: 45354 | C14: Gold | D14: 5731.44 | E14: 0.5082 | F14: 3000 | G14: =G13+F14 -> 88500
A15: 11 | B15: 45356 | C15: Silver | D15: 68.77 | E15: 28.2354 | F15: 2000 | G15: =G14+F15 -> 90500
A16: 12 | B16: 45359 | C16: Gold | D16: 5632.03 | E16: 6.0335 | F16: 35000 | G16: =G15+F16 -> 125500
A17: 13 | B17: 45360 | C17: Silver | D17: 69.3 | E17: 140.0973 | F17: 10000 | G17: =G16+F17 -> 135500
... A180: 176 | B180: 46234 | C180: Silver | D180: 105.49 | E180: 23.0086 | F180: 2500 | G180: =G179+F180 -> 1650000
